{
  "label_aps": {
    "car": {
      "0.5": 0.18193618222965258,
      "1.0": 0.4584953906914959,
      "2.0": 0.7140953527339591,
      "4.0": 0.8142297856406372
    },
    "truck": {
      "0.5": 0.048205280550279964,
      "1.0": 0.22200392848825257,
      "2.0": 0.43948329701103267,
      "4.0": 0.582877992895025
    },
    "bus": {
      "0.5": 0.04140570411552746,
      "1.0": 0.34101455277451076,
      "2.0": 0.6649852949681979,
      "4.0": 0.7719503472795798
    },
    "trailer": {
      "0.5": 0.0,
      "1.0": 0.007404867490146221,
      "2.0": 0.159987098822649,
      "4.0": 0.4110720309135168
    },
    "construction_vehicle": {
      "0.5": 0.0,
      "1.0": 0.019121896198197,
      "2.0": 0.1251220751927319,
      "4.0": 0.15789315493465322
    },
    "pedestrian": {
      "0.5": 0.06777612919804386,
      "1.0": 0.22906090836229653,
      "2.0": 0.3311224666002384,
      "4.0": 0.3728220415425142
    },
    "motorcycle": {
      "0.5": 0.10435513700335498,
      "1.0": 0.3299214866580582,
      "2.0": 0.38882814072441796,
      "4.0": 0.41294984923676203
    },
    "bicycle": {
      "0.5": 0.11439000043997373,
      "1.0": 0.3793994024476371,
      "2.0": 0.4639500647004466,
      "4.0": 0.5122638148839385
    },
    "traffic_cone": {
      "0.5": 0.2490031723172958,
      "1.0": 0.41395360142073756,
      "2.0": 0.5082523715920404,
      "4.0": 0.5892610731059952
    },
    "barrier": {
      "0.5": 0.2811554500515579,
      "1.0": 0.6030615863402012,
      "2.0": 0.7900274903266812,
      "4.0": 0.8247809659489618
    }
  },
  "mean_dist_aps": {
    "car": 0.5421891778239362,
    "truck": 0.3231426247361475,
    "bus": 0.454838974784454,
    "trailer": 0.144615999306578,
    "construction_vehicle": 0.07553428158139554,
    "pedestrian": 0.2501953864257732,
    "motorcycle": 0.3090136534056483,
    "bicycle": 0.36750082061799894,
    "traffic_cone": 0.44011755460901725,
    "barrier": 0.6247563731668505
  },
  "mean_ap": 0.35319048464577996,
  "label_tp_errors": {
    "car": {
      "trans_err": 0.523667283178172,
      "scale_err": 0.1660385024643291,
      "orient_err": 0.17617165445088795,
      "vel_err": 0.3330163541415993,
      "attr_err": 0.15012761905899696
    },
    "truck": {
      "trans_err": 0.6800744801834981,
      "scale_err": 0.20697369486785758,
      "orient_err": 0.23086086210383922,
      "vel_err": 0.3039900551930271,
      "attr_err": 0.13766483597645504
    },
    "bus": {
      "trans_err": 0.7071986230375616,
      "scale_err": 0.19702397778040795,
      "orient_err": 0.15603286776707823,
      "vel_err": 0.6703413837292779,
      "attr_err": 0.29693423711582484
    },
    "trailer": {
      "trans_err": 1.1162951670919945,
      "scale_err": 0.3051948515700201,
      "orient_err": 0.6603732308156091,
      "vel_err": 0.3186462488082803,
      "attr_err": 0.021999841733315643
    },
    "construction_vehicle": {
      "trans_err": 0.931952448330562,
      "scale_err": 0.4560183831889868,
      "orient_err": 1.3979884280792285,
      "vel_err": 0.07450805841741735,
      "attr_err": 0.16890112505627008
    },
    "pedestrian": {
      "trans_err": 0.6915107000267863,
      "scale_err": 0.35248423086758407,
      "orient_err": 0.939889334444084,
      "vel_err": 0.7630303849589336,
      "attr_err": 0.30770342236107606
    },
    "motorcycle": {
      "trans_err": 0.4444125592918416,
      "scale_err": 0.2629645968498479,
      "orient_err": 0.3430797465915745,
      "vel_err": 0.2714104693364777,
      "attr_err": 0.06930804097515472
    },
    "bicycle": {
      "trans_err": 0.5095888276709845,
      "scale_err": 0.29114460460005775,
      "orient_err": 0.949841422446045,
      "vel_err": 0.07631245389762004,
      "attr_err": 0.0007661526543382936
    },
    "traffic_cone": {
      "trans_err": 0.5381527906181448,
      "scale_err": 0.357161448015613,
      "orient_err": NaN,
      "vel_err": NaN,
      "attr_err": NaN
    },
    "barrier": {
      "trans_err": 0.451483036425215,
      "scale_err": 0.30614470577314457,
      "orient_err": 0.1453129839284751,
      "vel_err": NaN,
      "attr_err": NaN
    }
  },
  "tp_errors": {
    "trans_err": 0.659433591585476,
    "scale_err": 0.29011489959778486,
    "orient_err": 0.5555056145140913,
    "vel_err": 0.3514069260603292,
    "attr_err": 0.14417565936642895
  },
  "tp_scores": {
    "trans_err": 0.340566408414524,
    "scale_err": 0.7098851004022151,
    "orient_err": 0.4444943854859087,
    "vel_err": 0.6485930739396708,
    "attr_err": 0.855824340633571
  },
  "nd_score": 0.476531573210479,
  "eval_time": 20.476837635040283,
  "cfg": {
    "class_range": {
      "car": 50,
      "truck": 50,
      "bus": 50,
      "trailer": 50,
      "construction_vehicle": 50,
      "pedestrian": 40,
      "motorcycle": 40,
      "bicycle": 40,
      "traffic_cone": 30,
      "barrier": 30
    },
    "dist_fcn": "center_distance",
    "dist_ths": [
      0.5,
      1.0,
      2.0,
      4.0
    ],
    "dist_th_tp": 2.0,
    "min_recall": 0.1,
    "min_precision": 0.1,
    "max_boxes_per_sample": 500,
    "mean_ap_weight": 5
  },
  "meta": {
    "use_lidar": false,
    "use_camera": true,
    "use_radar": false,
    "use_map": false,
    "use_external": false
  }
}