{
  "label_aps": {
    "car": {
      "0.5": 0.17570931770493442,
      "1.0": 0.42585716789785466,
      "2.0": 0.6573821296691278,
      "4.0": 0.7493321396300748
    },
    "truck": {
      "0.5": 0.02460896289751846,
      "1.0": 0.17974397457322427,
      "2.0": 0.3810793729244817,
      "4.0": 0.5109470714890529
    },
    "bus": {
      "0.5": 0.045575082332827345,
      "1.0": 0.25249672356755276,
      "2.0": 0.5344165082509374,
      "4.0": 0.6904031076640699
    },
    "trailer": {
      "0.5": 0.005478711742131374,
      "1.0": 0.08209216953590319,
      "2.0": 0.2712920511029045,
      "4.0": 0.4066697976805391
    },
    "construction_vehicle": {
      "0.5": 0.0,
      "1.0": 0.015008371457808527,
      "2.0": 0.14553188576575782,
      "4.0": 0.20299002738332683
    },
    "pedestrian": {
      "0.5": 0.10345108704668093,
      "1.0": 0.30728706922170074,
      "2.0": 0.46145405265892786,
      "4.0": 0.5526469466891484
    },
    "motorcycle": {
      "0.5": 0.08708365460234765,
      "1.0": 0.32596063371192335,
      "2.0": 0.4958885314643534,
      "4.0": 0.5734767491016893
    },
    "bicycle": {
      "0.5": 0.1285839203927421,
      "1.0": 0.3250724537119475,
      "2.0": 0.4256235319621021,
      "4.0": 0.4652563307392737
    },
    "traffic_cone": {
      "0.5": 0.3072688419162416,
      "1.0": 0.4849133874290152,
      "2.0": 0.5754227323529446,
      "4.0": 0.6300192834356245
    },
    "barrier": {
      "0.5": 0.2041672259093204,
      "1.0": 0.47815004960056545,
      "2.0": 0.5835285581342556,
      "4.0": 0.6382656021478325
    }
  },
  "mean_dist_aps": {
    "car": 0.5020701887254979,
    "truck": 0.2740948454710693,
    "bus": 0.3807228554538469,
    "trailer": 0.19138318251536954,
    "construction_vehicle": 0.0908825711517233,
    "pedestrian": 0.3562097889041145,
    "motorcycle": 0.3706023922200784,
    "bicycle": 0.33613405920151634,
    "traffic_cone": 0.49940606128345644,
    "barrier": 0.4760278589479935
  },
  "mean_ap": 0.3477533803874666,
  "label_tp_errors": {
    "car": {
      "trans_err": 0.5212723326939196,
      "scale_err": 0.1627673666519969,
      "orient_err": 0.19003551776028416,
      "vel_err": 0.5437969811407254,
      "attr_err": 0.24597082486883237
    },
    "truck": {
      "trans_err": 0.6983392307155023,
      "scale_err": 0.21658506901353913,
      "orient_err": 0.19194251811647572,
      "vel_err": 0.5089774378378972,
      "attr_err": 0.26825056801245767
    },
    "bus": {
      "trans_err": 0.679794298351538,
      "scale_err": 0.20875805665558317,
      "orient_err": 0.15276186524813715,
      "vel_err": 0.9332559477254445,
      "attr_err": 0.25666111368268885
    },
    "trailer": {
      "trans_err": 0.8180097191674961,
      "scale_err": 0.2122667736711858,
      "orient_err": 0.387999818697625,
      "vel_err": 0.34930954502831185,
      "attr_err": 0.29778132924461653
    },
    "construction_vehicle": {
      "trans_err": 1.0870286198349208,
      "scale_err": 0.5303601537198095,
      "orient_err": 1.137885005093153,
      "vel_err": 0.11179492072253186,
      "attr_err": 0.43563251303646633
    },
    "pedestrian": {
      "trans_err": 0.7290340743108651,
      "scale_err": 0.29672163136457924,
      "orient_err": 0.9911227988420142,
      "vel_err": 0.5697344607941582,
      "attr_err": 0.3202808048185894
    },
    "motorcycle": {
      "trans_err": 0.5863194680025647,
      "scale_err": 0.2620093382511753,
      "orient_err": 0.7267617583971068,
      "vel_err": 0.6696699298021399,
      "attr_err": 0.23238688552722295
    },
    "bicycle": {
      "trans_err": 0.4870855617888888,
      "scale_err": 0.25444165199846736,
      "orient_err": 0.9163509536551059,
      "vel_err": 0.21707010767996981,
      "attr_err": 0.007783672845516296
    },
    "traffic_cone": {
      "trans_err": 0.49703621145493165,
      "scale_err": 0.3388826990396233,
      "orient_err": NaN,
      "vel_err": NaN,
      "attr_err": NaN
    },
    "barrier": {
      "trans_err": 0.4697667191750853,
      "scale_err": 0.2696383624422783,
      "orient_err": 0.19504595481528758,
      "vel_err": NaN,
      "attr_err": NaN
    }
  },
  "tp_errors": {
    "trans_err": 0.6573686235495713,
    "scale_err": 0.2752431102808238,
    "orient_err": 0.5433229100694654,
    "vel_err": 0.48795116634139735,
    "attr_err": 0.2580934640045488
  },
  "tp_scores": {
    "trans_err": 0.34263137645042874,
    "scale_err": 0.7247568897191762,
    "orient_err": 0.4566770899305346,
    "vel_err": 0.5120488336586027,
    "attr_err": 0.7419065359954512
  },
  "nd_score": 0.45167876276915264,
  "eval_time": 119.58908653259277,
  "cfg": {
    "class_range": {
      "car": 50,
      "truck": 50,
      "bus": 50,
      "trailer": 50,
      "construction_vehicle": 50,
      "pedestrian": 40,
      "motorcycle": 40,
      "bicycle": 40,
      "traffic_cone": 30,
      "barrier": 30
    },
    "dist_fcn": "center_distance",
    "dist_ths": [
      0.5,
      1.0,
      2.0,
      4.0
    ],
    "dist_th_tp": 2.0,
    "min_recall": 0.1,
    "min_precision": 0.1,
    "max_boxes_per_sample": 500,
    "mean_ap_weight": 5
  },
  "meta": {
    "use_lidar": false,
    "use_camera": true,
    "use_radar": false,
    "use_map": false,
    "use_external": false
  }
}