{
  "label_aps": {
    "car": {
      "0.5": 0.1790552810460094,
      "1.0": 0.45352909521837226,
      "2.0": 0.7058688918752836,
      "4.0": 0.8087497127837626
    },
    "truck": {
      "0.5": 0.047977737324373736,
      "1.0": 0.2215664162450971,
      "2.0": 0.43878407178075884,
      "4.0": 0.5821775356977626
    },
    "bus": {
      "0.5": 0.04139712241697402,
      "1.0": 0.34089827160437897,
      "2.0": 0.6646708949663092,
      "4.0": 0.77145216951285
    },
    "trailer": {
      "0.5": 0.0,
      "1.0": 0.007398014141643612,
      "2.0": 0.1599647766580045,
      "4.0": 0.4110568426859176
    },
    "construction_vehicle": {
      "0.5": 0.0,
      "1.0": 0.0191243434037934,
      "2.0": 0.12516660135968394,
      "4.0": 0.15778408148882872
    },
    "pedestrian": {
      "0.5": 0.06834082314079824,
      "1.0": 0.2282114212840951,
      "2.0": 0.32771062388932964,
      "4.0": 0.3687652675892569
    },
    "motorcycle": {
      "0.5": 0.08164116609172854,
      "1.0": 0.3203092529221317,
      "2.0": 0.3916966431621223,
      "4.0": 0.4221602399820536
    },
    "bicycle": {
      "0.5": 0.11439000043997373,
      "1.0": 0.3793579777649532,
      "2.0": 0.4639500647004466,
      "4.0": 0.5121898317712492
    },
    "traffic_cone": {
      "0.5": 0.2489805746363954,
      "1.0": 0.4140673352017695,
      "2.0": 0.5084447430113811,
      "4.0": 0.5893796160420787
    },
    "barrier": {
      "0.5": 0.2811728726501873,
      "1.0": 0.60214019222772,
      "2.0": 0.7886224288107346,
      "4.0": 0.8233010061517518
    }
  },
  "mean_dist_aps": {
    "car": 0.536800745230857,
    "truck": 0.32262644026199805,
    "bus": 0.454604614625128,
    "trailer": 0.14460490837139142,
    "construction_vehicle": 0.07551875656307652,
    "pedestrian": 0.24825703397586998,
    "motorcycle": 0.30395182553950906,
    "bicycle": 0.36747196866915566,
    "traffic_cone": 0.44021806722290624,
    "barrier": 0.6238091249600984
  },
  "mean_ap": 0.351786348541999,
  "label_tp_errors": {
    "car": {
      "trans_err": 0.5236670662117201,
      "scale_err": 0.16564608449160148,
      "orient_err": 0.17694861482401344,
      "vel_err": 0.3538011000040912,
      "attr_err": 0.1540289386480436
    },
    "truck": {
      "trans_err": 0.6804413191607369,
      "scale_err": 0.20700549458200126,
      "orient_err": 0.23127787689487683,
      "vel_err": 0.30444182273860726,
      "attr_err": 0.13765667880763635
    },
    "bus": {
      "trans_err": 0.7071223920666188,
      "scale_err": 0.19703650890207317,
      "orient_err": 0.1560308558940382,
      "vel_err": 0.6703082023448713,
      "attr_err": 0.2969255729377394
    },
    "trailer": {
      "trans_err": 1.1162402298090037,
      "scale_err": 0.3051869793072559,
      "orient_err": 0.6606629529516083,
      "vel_err": 0.3186352989060759,
      "attr_err": 0.021999427380204717
    },
    "construction_vehicle": {
      "trans_err": 0.9321998021509257,
      "scale_err": 0.4560438112799572,
      "orient_err": 1.398150997977383,
      "vel_err": 0.07449881100412714,
      "attr_err": 0.16899521006580004
    },
    "pedestrian": {
      "trans_err": 0.6890016518620943,
      "scale_err": 0.35091778055273676,
      "orient_err": 0.9387287073964552,
      "vel_err": 0.756959605186375,
      "attr_err": 0.3107703609260197
    },
    "motorcycle": {
      "trans_err": 0.49989243406021167,
      "scale_err": 0.2583086062037984,
      "orient_err": 0.6417735737138397,
      "vel_err": 0.4492031141522561,
      "attr_err": 0.08862503396049588
    },
    "bicycle": {
      "trans_err": 0.5096200096588978,
      "scale_err": 0.2911456452511052,
      "orient_err": 0.9498302215923558,
      "vel_err": 0.07630398356911262,
      "attr_err": 0.0007661876677779942
    },
    "traffic_cone": {
      "trans_err": 0.5370664206346076,
      "scale_err": 0.3571504412545317,
      "orient_err": NaN,
      "vel_err": NaN,
      "attr_err": NaN
    },
    "barrier": {
      "trans_err": 0.45116740254566107,
      "scale_err": 0.306129112193226,
      "orient_err": 0.14529718014052811,
      "vel_err": NaN,
      "attr_err": NaN
    }
  },
  "tp_errors": {
    "trans_err": 0.6646418728160477,
    "scale_err": 0.2894570464018288,
    "orient_err": 0.5887445534872332,
    "vel_err": 0.3755189922381895,
    "attr_err": 0.1474709262992147
  },
  "tp_scores": {
    "trans_err": 0.3353581271839523,
    "scale_err": 0.7105429535981712,
    "orient_err": 0.4112554465127668,
    "vel_err": 0.6244810077618105,
    "attr_err": 0.8525290737007853
  },
  "nd_score": 0.4693098351467482,
  "eval_time": 21.410959243774414,
  "cfg": {
    "class_range": {
      "car": 50,
      "truck": 50,
      "bus": 50,
      "trailer": 50,
      "construction_vehicle": 50,
      "pedestrian": 40,
      "motorcycle": 40,
      "bicycle": 40,
      "traffic_cone": 30,
      "barrier": 30
    },
    "dist_fcn": "center_distance",
    "dist_ths": [
      0.5,
      1.0,
      2.0,
      4.0
    ],
    "dist_th_tp": 2.0,
    "min_recall": 0.1,
    "min_precision": 0.1,
    "max_boxes_per_sample": 500,
    "mean_ap_weight": 5
  },
  "meta": {
    "use_lidar": false,
    "use_camera": true,
    "use_radar": false,
    "use_map": false,
    "use_external": false
  }
}