{
  "label_aps": {
    "car": {
      "0.5": 0.24690297745014692,
      "1.0": 0.47384537289563056,
      "2.0": 0.6404271833041164,
      "4.0": 0.7382985825155594
    },
    "truck": {
      "0.5": 0.023309691532610893,
      "1.0": 0.14696956832349964,
      "2.0": 0.3493751674776549,
      "4.0": 0.48263306240264103
    },
    "bus": {
      "0.5": 0.07204656621814937,
      "1.0": 0.2676936251235856,
      "2.0": 0.49585456266672945,
      "4.0": 0.6517884535160584
    },
    "trailer": {
      "0.5": 0.0,
      "1.0": 0.0329187060312411,
      "2.0": 0.18953778942481858,
      "4.0": 0.3702355116582677
    },
    "construction_vehicle": {
      "0.5": 0.0,
      "1.0": 0.015773842968470318,
      "2.0": 0.08278654252991946,
      "4.0": 0.15242233858269846
    },
    "pedestrian": {
      "0.5": 0.10793960524267902,
      "1.0": 0.2945616061402519,
      "2.0": 0.5053006500714755,
      "4.0": 0.665955220677046
    },
    "motorcycle": {
      "0.5": 0.07826119196662872,
      "1.0": 0.24071328969533373,
      "2.0": 0.40007125743680494,
      "4.0": 0.5116075156630695
    },
    "bicycle": {
      "0.5": 0.062104290668958555,
      "1.0": 0.16074701996075938,
      "2.0": 0.2785957894754098,
      "4.0": 0.3798143909807292
    },
    "traffic_cone": {
      "0.5": 0.31418851026526873,
      "1.0": 0.5284052150545718,
      "2.0": 0.69300197751186,
      "4.0": 0.7608340886104538
    },
    "barrier": {
      "0.5": 0.2228017027499832,
      "1.0": 0.41847946199852226,
      "2.0": 0.5377939479631032,
      "4.0": 0.6213675896318909
    }
  },
  "mean_dist_aps": {
    "car": 0.5248685290413633,
    "truck": 0.2505718724341016,
    "bus": 0.3718458018811307,
    "trailer": 0.14817300177858184,
    "construction_vehicle": 0.06274568102027206,
    "pedestrian": 0.3934392705328631,
    "motorcycle": 0.30766331369045924,
    "bicycle": 0.22031537277146424,
    "traffic_cone": 0.5741074478605386,
    "barrier": 0.45011067558587486
  },
  "mean_ap": 0.33038409665966495,
  "label_tp_errors": {
    "car": {
      "trans_err": 0.4312061157873594,
      "scale_err": 0.14658361364392247,
      "orient_err": 0.07523992122662782,
      "vel_err": 0.5506882406993233,
      "attr_err": 0.11997428144984013
    },
    "truck": {
      "trans_err": 0.7473410314693232,
      "scale_err": 0.2015209520971565,
      "orient_err": 0.17766627674310895,
      "vel_err": 0.595070477939077,
      "attr_err": 0.18794466766333268
    },
    "bus": {
      "trans_err": 0.626311172079862,
      "scale_err": 0.18099193593028082,
      "orient_err": 0.27963907991714515,
      "vel_err": 0.6317323913709059,
      "attr_err": 0.20173713713992183
    },
    "trailer": {
      "trans_err": 1.0057826700825405,
      "scale_err": 0.19602319878633778,
      "orient_err": 0.6952309586136127,
      "vel_err": 0.38048389821788675,
      "attr_err": 0.12401900484769174
    },
    "construction_vehicle": {
      "trans_err": 0.9569232600850756,
      "scale_err": 0.4865675392076254,
      "orient_err": 1.1581391440445792,
      "vel_err": 0.1679395001072805,
      "attr_err": 0.3286539170973709
    },
    "pedestrian": {
      "trans_err": 0.5893920599502771,
      "scale_err": 0.27842302142989034,
      "orient_err": 0.6603090600187326,
      "vel_err": 0.6112808271285208,
      "attr_err": 0.15119657904526151
    },
    "motorcycle": {
      "trans_err": 0.5953969413735439,
      "scale_err": 0.2678608943604391,
      "orient_err": 0.6674269779392332,
      "vel_err": 0.9428316787956181,
      "attr_err": 0.09094873779265711
    },
    "bicycle": {
      "trans_err": 0.5937024094787274,
      "scale_err": 0.27295718842928185,
      "orient_err": 0.8412373483516744,
      "vel_err": 0.5265161588021864,
      "attr_err": 0.008249818888518664
    },
    "traffic_cone": {
      "trans_err": 0.4107198037181258,
      "scale_err": 0.3024514856516905,
      "orient_err": NaN,
      "vel_err": NaN,
      "attr_err": NaN
    },
    "barrier": {
      "trans_err": 0.44080331182000737,
      "scale_err": 0.2610690597350967,
      "orient_err": 0.1342838184479209,
      "vel_err": NaN,
      "attr_err": NaN
    }
  },
  "tp_errors": {
    "trans_err": 0.6397578775844843,
    "scale_err": 0.25944488892717216,
    "orient_err": 0.5210191761447373,
    "vel_err": 0.5508178966325998,
    "attr_err": 0.15159051799057432
  },
  "tp_scores": {
    "trans_err": 0.3602421224155157,
    "scale_err": 0.7405551110728279,
    "orient_err": 0.47898082385526275,
    "vel_err": 0.44918210336740017,
    "attr_err": 0.8484094820094257
  },
  "nd_score": 0.4529290126018757,
  "eval_time": 281.209579706192,
  "cfg": {
    "class_range": {
      "car": 50,
      "truck": 50,
      "bus": 50,
      "trailer": 50,
      "construction_vehicle": 50,
      "pedestrian": 40,
      "motorcycle": 40,
      "bicycle": 40,
      "traffic_cone": 30,
      "barrier": 30
    },
    "dist_fcn": "center_distance",
    "dist_ths": [
      0.5,
      1.0,
      2.0,
      4.0
    ],
    "dist_th_tp": 2.0,
    "min_recall": 0.1,
    "min_precision": 0.1,
    "max_boxes_per_sample": 500,
    "mean_ap_weight": 5
  },
  "meta": {
    "use_camera": true,
    "use_lidar": false,
    "use_radar": true,
    "use_map": false,
    "use_external": false
  }
}