{
  "label_aps": {
    "car": {
      "0.5": 0.18103460813379074,
      "1.0": 0.4143377697370115,
      "2.0": 0.6154152753585607,
      "4.0": 0.7321749093524634
    },
    "truck": {
      "0.5": 0.011514711555962735,
      "1.0": 0.10976164607524258,
      "2.0": 0.309219359259624,
      "4.0": 0.46429766127828503
    },
    "bus": {
      "0.5": 0.032106042584502684,
      "1.0": 0.17578459049905246,
      "2.0": 0.4148025214992743,
      "4.0": 0.6190019530778125
    },
    "trailer": {
      "0.5": 0.0,
      "1.0": 0.023037140076421245,
      "2.0": 0.1782384017563978,
      "4.0": 0.3476256644862223
    },
    "construction_vehicle": {
      "0.5": 0.0,
      "1.0": 0.0,
      "2.0": 0.047221908902478876,
      "4.0": 0.12357104372974313
    },
    "pedestrian": {
      "0.5": 0.08392333200664438,
      "1.0": 0.28019789755778274,
      "2.0": 0.5026223549373487,
      "4.0": 0.6646320705783637
    },
    "motorcycle": {
      "0.5": 0.029764075273924613,
      "1.0": 0.18150297701038803,
      "2.0": 0.372893457909706,
      "4.0": 0.5216540555716127
    },
    "bicycle": {
      "0.5": 0.03613277010547255,
      "1.0": 0.16792637091893836,
      "2.0": 0.3106792308845632,
      "4.0": 0.4224642753582239
    },
    "traffic_cone": {
      "0.5": 0.27976295285616815,
      "1.0": 0.5167520952766711,
      "2.0": 0.6925131117847038,
      "4.0": 0.7635200303334364
    },
    "barrier": {
      "0.5": 0.1825386847935639,
      "1.0": 0.4005432811504312,
      "2.0": 0.5384225471424945,
      "4.0": 0.629297221715146
    }
  },
  "mean_dist_aps": {
    "car": 0.4857406406454566,
    "truck": 0.2236983445422786,
    "bus": 0.3104237769151605,
    "trailer": 0.13722530157976032,
    "construction_vehicle": 0.0426982381580555,
    "pedestrian": 0.3828439137700349,
    "motorcycle": 0.2764536414414078,
    "bicycle": 0.23430066181679948,
    "traffic_cone": 0.5631370475627449,
    "barrier": 0.4377004337004089
  },
  "mean_ap": 0.30942220001321075,
  "label_tp_errors": {
    "car": {
      "trans_err": 0.4983998017717385,
      "scale_err": 0.14784773324446535,
      "orient_err": 0.08796445648272165,
      "vel_err": 2.249374112030399,
      "attr_err": 0.6196490993097693
    },
    "truck": {
      "trans_err": 0.8019121796455205,
      "scale_err": 0.2046364953601981,
      "orient_err": 0.22935892290631751,
      "vel_err": 1.5948623665119093,
      "attr_err": 0.7312689254331748
    },
    "bus": {
      "trans_err": 0.7268862853214019,
      "scale_err": 0.17864010333400793,
      "orient_err": 0.25558710725872164,
      "vel_err": 3.3524943897082666,
      "attr_err": 0.3742140700882153
    },
    "trailer": {
      "trans_err": 0.9878927249492128,
      "scale_err": 0.19633031044218585,
      "orient_err": 0.7968031013375546,
      "vel_err": 0.5572708846017197,
      "attr_err": 0.8964121148052819
    },
    "construction_vehicle": {
      "trans_err": 1.0736763744129922,
      "scale_err": 0.4755535974943628,
      "orient_err": 1.0309429797276688,
      "vel_err": 0.10559585676787361,
      "attr_err": 0.9909236746324599
    },
    "pedestrian": {
      "trans_err": 0.6298976758386573,
      "scale_err": 0.2781051700747798,
      "orient_err": 0.8629104212920552,
      "vel_err": 0.9301298863475046,
      "attr_err": 0.2423693974107395
    },
    "motorcycle": {
      "trans_err": 0.719444298892956,
      "scale_err": 0.27923966184307497,
      "orient_err": 0.8400986021772149,
      "vel_err": 1.9791782025663172,
      "attr_err": 0.541239618799093
    },
    "bicycle": {
      "trans_err": 0.6723180381105299,
      "scale_err": 0.28224256433567574,
      "orient_err": 1.0122728063868798,
      "vel_err": 0.8506105603366404,
      "attr_err": 0.7994777765116609
    },
    "traffic_cone": {
      "trans_err": 0.4387976168790207,
      "scale_err": 0.30351367782658034,
      "orient_err": NaN,
      "vel_err": NaN,
      "attr_err": NaN
    },
    "barrier": {
      "trans_err": 0.5008666679392223,
      "scale_err": 0.2641586879676847,
      "orient_err": 0.17073864638482342,
      "vel_err": NaN,
      "attr_err": NaN
    }
  },
  "tp_errors": {
    "trans_err": 0.7050091663761253,
    "scale_err": 0.26102680019230157,
    "orient_err": 0.5874085604393285,
    "vel_err": 1.4524395323588288,
    "attr_err": 0.6494443346237994
  },
  "tp_scores": {
    "trans_err": 0.2949908336238747,
    "scale_err": 0.7389731998076985,
    "orient_err": 0.41259143956067146,
    "vel_err": 0.0,
    "attr_err": 0.35055566537620064
  },
  "nd_score": 0.3344222138434499,
  "eval_time": 254.74001598358154,
  "cfg": {
    "class_range": {
      "car": 50,
      "truck": 50,
      "bus": 50,
      "trailer": 50,
      "construction_vehicle": 50,
      "pedestrian": 40,
      "motorcycle": 40,
      "bicycle": 40,
      "traffic_cone": 30,
      "barrier": 30
    },
    "dist_fcn": "center_distance",
    "dist_ths": [
      0.5,
      1.0,
      2.0,
      4.0
    ],
    "dist_th_tp": 2.0,
    "min_recall": 0.1,
    "min_precision": 0.1,
    "max_boxes_per_sample": 500,
    "mean_ap_weight": 5
  },
  "meta": {
    "use_camera": true,
    "use_lidar": false,
    "use_radar": false,
    "use_map": false,
    "use_external": false
  }
}