{
  "label_aps": {
    "car": {
      "0.5": 0.179953185442945,
      "1.0": 0.40776631882554065,
      "2.0": 0.6055905578062221,
      "4.0": 0.7271405100979343
    },
    "truck": {
      "0.5": 0.012344038317908972,
      "1.0": 0.09992731702895727,
      "2.0": 0.3002277742420784,
      "4.0": 0.4612721233981683
    },
    "bus": {
      "0.5": 0.02234713265400404,
      "1.0": 0.175093280224802,
      "2.0": 0.41080686741375216,
      "4.0": 0.6220469965359045
    },
    "trailer": {
      "0.5": 0.0,
      "1.0": 0.04125905213472969,
      "2.0": 0.18126620420133366,
      "4.0": 0.34276525380612927
    },
    "construction_vehicle": {
      "0.5": 0.0,
      "1.0": 0.001366531818757486,
      "2.0": 0.0438761323789499,
      "4.0": 0.11514647757679482
    },
    "pedestrian": {
      "0.5": 0.08636501267947493,
      "1.0": 0.2810844893927869,
      "2.0": 0.5006361093786981,
      "4.0": 0.6608375067655106
    },
    "motorcycle": {
      "0.5": 0.026305995995906988,
      "1.0": 0.14590829362517818,
      "2.0": 0.32711603761801233,
      "4.0": 0.47945567135503414
    },
    "bicycle": {
      "0.5": 0.027290584766336938,
      "1.0": 0.13797665022046043,
      "2.0": 0.2828328840733084,
      "4.0": 0.3801718771397252
    },
    "traffic_cone": {
      "0.5": 0.2757445013120719,
      "1.0": 0.5236583606814185,
      "2.0": 0.6878626605997652,
      "4.0": 0.7557055750025188
    },
    "barrier": {
      "0.5": 0.1959175318246886,
      "1.0": 0.401837923091385,
      "2.0": 0.5341013195092111,
      "4.0": 0.6317590422491554
    }
  },
  "mean_dist_aps": {
    "car": 0.4801126430431605,
    "truck": 0.21844281324677822,
    "bus": 0.30757356920711565,
    "trailer": 0.14132262753554814,
    "construction_vehicle": 0.04009728544362555,
    "pedestrian": 0.3822307795541176,
    "motorcycle": 0.2446964996485329,
    "bicycle": 0.20706799904995776,
    "traffic_cone": 0.5607427743989436,
    "barrier": 0.44090395416861006
  },
  "mean_ap": 0.30231909452963895,
  "label_tp_errors": {
    "car": {
      "trans_err": 0.4907287191226446,
      "scale_err": 0.14562492926923493,
      "orient_err": 0.09007214269295606,
      "vel_err": 2.320907783258743,
      "attr_err": 0.6085705199613068
    },
    "truck": {
      "trans_err": 0.8104553588748189,
      "scale_err": 0.2023317595362752,
      "orient_err": 0.20474910731513069,
      "vel_err": 1.5594545268010644,
      "attr_err": 0.7303049364956531
    },
    "bus": {
      "trans_err": 0.7331785575187939,
      "scale_err": 0.17331865447843672,
      "orient_err": 0.308970770930907,
      "vel_err": 3.262729347474192,
      "attr_err": 0.374831989392779
    },
    "trailer": {
      "trans_err": 0.9523280072724336,
      "scale_err": 0.20772144227532946,
      "orient_err": 0.7414785468643312,
      "vel_err": 0.5618526745312517,
      "attr_err": 0.8907339782835824
    },
    "construction_vehicle": {
      "trans_err": 1.023984542909076,
      "scale_err": 0.47237695493314863,
      "orient_err": 1.1291557694324579,
      "vel_err": 0.11323091667257257,
      "attr_err": 0.9856580709065893
    },
    "pedestrian": {
      "trans_err": 0.6230743065719014,
      "scale_err": 0.2815433714615835,
      "orient_err": 0.8599268590271658,
      "vel_err": 0.9240173041426105,
      "attr_err": 0.24620592819230597
    },
    "motorcycle": {
      "trans_err": 0.7204884957182466,
      "scale_err": 0.2742461494595269,
      "orient_err": 0.8473545055041937,
      "vel_err": 2.227679091238776,
      "attr_err": 0.5323952132619246
    },
    "bicycle": {
      "trans_err": 0.6838539080346875,
      "scale_err": 0.2824231417743253,
      "orient_err": 1.0291094916417562,
      "vel_err": 0.8462456447349064,
      "attr_err": 0.798678533121055
    },
    "traffic_cone": {
      "trans_err": 0.4304318197036149,
      "scale_err": 0.29885759139618434,
      "orient_err": NaN,
      "vel_err": NaN,
      "attr_err": NaN
    },
    "barrier": {
      "trans_err": 0.49296842068319635,
      "scale_err": 0.2650765267657883,
      "orient_err": 0.1735803925016215,
      "vel_err": NaN,
      "attr_err": NaN
    }
  },
  "tp_errors": {
    "trans_err": 0.6961492136409413,
    "scale_err": 0.26035205213498336,
    "orient_err": 0.5982663984345022,
    "vel_err": 1.4770146611067645,
    "attr_err": 0.6459223962018996
  },
  "tp_scores": {
    "trans_err": 0.3038507863590587,
    "scale_err": 0.7396479478650166,
    "orient_err": 0.40173360156549776,
    "vel_err": 0.0,
    "attr_err": 0.3540776037981004
  },
  "nd_score": 0.33109054122358683,
  "eval_time": 264.70899415016174,
  "cfg": {
    "class_range": {
      "car": 50,
      "truck": 50,
      "bus": 50,
      "trailer": 50,
      "construction_vehicle": 50,
      "pedestrian": 40,
      "motorcycle": 40,
      "bicycle": 40,
      "traffic_cone": 30,
      "barrier": 30
    },
    "dist_fcn": "center_distance",
    "dist_ths": [
      0.5,
      1.0,
      2.0,
      4.0
    ],
    "dist_th_tp": 2.0,
    "min_recall": 0.1,
    "min_precision": 0.1,
    "max_boxes_per_sample": 500,
    "mean_ap_weight": 5
  },
  "meta": {
    "use_camera": true,
    "use_lidar": false,
    "use_radar": false,
    "use_map": false,
    "use_external": false
  }
}