{
  "label_aps": {
    "car": {
      "0.5": 0.14408241350631856,
      "1.0": 0.38482417389075724,
      "2.0": 0.6219869466432003,
      "4.0": 0.7599722478345712
    },
    "truck": {
      "0.5": 0.005787518970608555,
      "1.0": 0.11430852673794913,
      "2.0": 0.3312485411972573,
      "4.0": 0.5703030402541559
    },
    "bus": {
      "0.5": 0.012780295907856691,
      "1.0": 0.14253272669494746,
      "2.0": 0.4084054463681359,
      "4.0": 0.6221214115416804
    },
    "trailer": {
      "0.5": 0.0,
      "1.0": 0.0005971767767983341,
      "2.0": 0.11743916658149195,
      "4.0": 0.4401057249043127
    },
    "construction_vehicle": {
      "0.5": 0.0,
      "1.0": 0.0,
      "2.0": 0.02892790973946715,
      "4.0": 0.07115506202833931
    },
    "pedestrian": {
      "0.5": 0.037482078566782,
      "1.0": 0.1664470088207444,
      "2.0": 0.3702279685654987,
      "4.0": 0.5268001589639919
    },
    "motorcycle": {
      "0.5": 0.012021085358528702,
      "1.0": 0.051292732862094806,
      "2.0": 0.20699990730963883,
      "4.0": 0.41456997032102144
    },
    "bicycle": {
      "0.5": 0.037057308887385655,
      "1.0": 0.29024285159580715,
      "2.0": 0.40068558276783045,
      "4.0": 0.45431520023625627
    },
    "traffic_cone": {
      "0.5": 0.21459208855257758,
      "1.0": 0.4405936564641056,
      "2.0": 0.6321755437387996,
      "4.0": 0.7312621431152325
    },
    "barrier": {
      "0.5": 0.2068291184982227,
      "1.0": 0.47407678771062384,
      "2.0": 0.6748008212767252,
      "4.0": 0.7554393473091702
    }
  },
  "mean_dist_aps": {
    "car": 0.4777164454687118,
    "truck": 0.2554119067899927,
    "bus": 0.2964599701281551,
    "trailer": 0.13953551706565076,
    "construction_vehicle": 0.025020742941951613,
    "pedestrian": 0.27523930372925426,
    "motorcycle": 0.17122092396282096,
    "bicycle": 0.2955752358718199,
    "traffic_cone": 0.5046558579676789,
    "barrier": 0.5277865186986855
  },
  "mean_ap": 0.29686224226247215,
  "label_tp_errors": {
    "car": {
      "trans_err": 0.5519723390909755,
      "scale_err": 0.1478778824210536,
      "orient_err": 0.09626017393720401,
      "vel_err": 1.3394671624619288,
      "attr_err": 0.7894744939410444
    },
    "truck": {
      "trans_err": 0.857544204824195,
      "scale_err": 0.20451584138812232,
      "orient_err": 0.18007317459779587,
      "vel_err": 0.818687889775698,
      "attr_err": 0.8637664403247717
    },
    "bus": {
      "trans_err": 0.8214389344847727,
      "scale_err": 0.2185870385630201,
      "orient_err": 0.3704471065173359,
      "vel_err": 2.2257540576343997,
      "attr_err": 0.6483155960515002
    },
    "trailer": {
      "trans_err": 1.2059863105509585,
      "scale_err": 0.23710391680663281,
      "orient_err": 0.9220299643999088,
      "vel_err": 0.9091557210471249,
      "attr_err": 0.8123698523502164
    },
    "construction_vehicle": {
      "trans_err": 1.1096374418478088,
      "scale_err": 0.44600987318169394,
      "orient_err": 1.455796751923846,
      "vel_err": 0.07833631733895093,
      "attr_err": 1.0
    },
    "pedestrian": {
      "trans_err": 0.7133234523593435,
      "scale_err": 0.3566745813833918,
      "orient_err": 0.9571637539122332,
      "vel_err": 1.09446348804765,
      "attr_err": 0.23505450838104025
    },
    "motorcycle": {
      "trans_err": 0.8247770806133146,
      "scale_err": 0.28886220299013365,
      "orient_err": 1.09940520505643,
      "vel_err": 1.6570826328482027,
      "attr_err": 0.7217743123777588
    },
    "bicycle": {
      "trans_err": 0.6770591378660117,
      "scale_err": 0.3085381984847349,
      "orient_err": 0.887000686619554,
      "vel_err": 0.4165411771823759,
      "attr_err": 0.9155562184089296
    },
    "traffic_cone": {
      "trans_err": 0.4961114192404797,
      "scale_err": 0.31735781395579077,
      "orient_err": NaN,
      "vel_err": NaN,
      "attr_err": NaN
    },
    "barrier": {
      "trans_err": 0.5064158333042852,
      "scale_err": 0.2989006402216502,
      "orient_err": 0.1411603077299422,
      "vel_err": NaN,
      "attr_err": NaN
    }
  },
  "tp_errors": {
    "trans_err": 0.7764266154182146,
    "scale_err": 0.2824427989396224,
    "orient_err": 0.6788152360771389,
    "vel_err": 1.0674360557920415,
    "attr_err": 0.7482889277294076
  },
  "tp_scores": {
    "trans_err": 0.22357338458178544,
    "scale_err": 0.7175572010603777,
    "orient_err": 0.3211847639228611,
    "vel_err": 0.0,
    "attr_err": 0.2517110722705924
  },
  "nd_score": 0.2998337633147977,
  "eval_time": 47.13769030570984,
  "cfg": {
    "class_range": {
      "car": 50,
      "truck": 50,
      "bus": 50,
      "trailer": 50,
      "construction_vehicle": 50,
      "pedestrian": 40,
      "motorcycle": 40,
      "bicycle": 40,
      "traffic_cone": 30,
      "barrier": 30
    },
    "dist_fcn": "center_distance",
    "dist_ths": [
      0.5,
      1.0,
      2.0,
      4.0
    ],
    "dist_th_tp": 2.0,
    "min_recall": 0.1,
    "min_precision": 0.1,
    "max_boxes_per_sample": 500,
    "mean_ap_weight": 5
  },
  "meta": {
    "use_camera": true,
    "use_lidar": false,
    "use_radar": false,
    "use_map": false,
    "use_external": false
  }
}