{
  "label_aps": {
    "car": {
      "0.5": 0.1810592356043814,
      "1.0": 0.4133495002618865,
      "2.0": 0.6133716789566891,
      "4.0": 0.7322900131018951
    },
    "truck": {
      "0.5": 0.0111613021882639,
      "1.0": 0.10800126703866719,
      "2.0": 0.30426182990374356,
      "4.0": 0.45756626881772505
    },
    "bus": {
      "0.5": 0.03206107783331235,
      "1.0": 0.17559272102208007,
      "2.0": 0.4141629114219033,
      "4.0": 0.6178056937896782
    },
    "trailer": {
      "0.5": 0.0,
      "1.0": 0.023037140076421245,
      "2.0": 0.17823616789417684,
      "4.0": 0.3476185554076827
    },
    "construction_vehicle": {
      "0.5": 0.0,
      "1.0": 0.0,
      "2.0": 0.04716761651977197,
      "4.0": 0.12339292713143851
    },
    "pedestrian": {
      "0.5": 0.08354660931205217,
      "1.0": 0.2791619824179594,
      "2.0": 0.5009036929864356,
      "4.0": 0.6626151543286882
    },
    "motorcycle": {
      "0.5": 0.02395571200220214,
      "1.0": 0.16468079672031097,
      "2.0": 0.33882582486240637,
      "4.0": 0.4814402239534581
    },
    "bicycle": {
      "0.5": 0.034168495602762,
      "1.0": 0.16151208285743907,
      "2.0": 0.30098028961806256,
      "4.0": 0.41054738185084844
    },
    "traffic_cone": {
      "0.5": 0.278057311121462,
      "1.0": 0.5137247315903994,
      "2.0": 0.6893770553564871,
      "4.0": 0.7605310508326718
    },
    "barrier": {
      "0.5": 0.18223170046272893,
      "1.0": 0.40029127962037847,
      "2.0": 0.5383877452972379,
      "4.0": 0.6289663518936262
    }
  },
  "mean_dist_aps": {
    "car": 0.485017606981213,
    "truck": 0.2202476669870999,
    "bus": 0.30990560101674347,
    "trailer": 0.1372229658445702,
    "construction_vehicle": 0.04264013591280262,
    "pedestrian": 0.38155685976128384,
    "motorcycle": 0.2522256393845944,
    "bicycle": 0.22680206248227802,
    "traffic_cone": 0.560422537225255,
    "barrier": 0.4374692693184929
  },
  "mean_ap": 0.3053510344914333,
  "label_tp_errors": {
    "car": {
      "trans_err": 0.49831608481000517,
      "scale_err": 0.14694131331845486,
      "orient_err": 0.08841375478004604,
      "vel_err": 2.3095780071990077,
      "attr_err": 0.6106207441965047
    },
    "truck": {
      "trans_err": 0.8017027813005392,
      "scale_err": 0.20437192583606764,
      "orient_err": 0.22844389684707112,
      "vel_err": 1.5944640340749072,
      "attr_err": 0.7290093092344955
    },
    "bus": {
      "trans_err": 0.7268862853214019,
      "scale_err": 0.17864010333400793,
      "orient_err": 0.25558710725872164,
      "vel_err": 3.3524943897082666,
      "attr_err": 0.3742140700882153
    },
    "trailer": {
      "trans_err": 0.9878927249492128,
      "scale_err": 0.19633031044218585,
      "orient_err": 0.7968031013375546,
      "vel_err": 0.5572708846017197,
      "attr_err": 0.8964121148052819
    },
    "construction_vehicle": {
      "trans_err": 1.0736763744129922,
      "scale_err": 0.4755535974943628,
      "orient_err": 1.0309429797276688,
      "vel_err": 0.10559585676787361,
      "attr_err": 0.9909236746324599
    },
    "pedestrian": {
      "trans_err": 0.6304826813462677,
      "scale_err": 0.27818503298401,
      "orient_err": 0.8627534810909819,
      "vel_err": 0.9301168752672506,
      "attr_err": 0.242472965916467
    },
    "motorcycle": {
      "trans_err": 0.7248741512141905,
      "scale_err": 0.2827197170530128,
      "orient_err": 0.8295251492152782,
      "vel_err": 2.194856967512467,
      "attr_err": 0.5198731344491038
    },
    "bicycle": {
      "trans_err": 0.6755925785441,
      "scale_err": 0.2840833789490543,
      "orient_err": 1.0194452287003366,
      "vel_err": 0.8419197467783869,
      "attr_err": 0.802143903084872
    },
    "traffic_cone": {
      "trans_err": 0.4398263553858653,
      "scale_err": 0.3036324833495447,
      "orient_err": NaN,
      "vel_err": NaN,
      "attr_err": NaN
    },
    "barrier": {
      "trans_err": 0.5011477799850836,
      "scale_err": 0.26375615719055606,
      "orient_err": 0.17153941315681148,
      "vel_err": NaN,
      "attr_err": NaN
    }
  },
  "tp_errors": {
    "trans_err": 0.7060397797269659,
    "scale_err": 0.2614214019951257,
    "orient_err": 0.5870504569016077,
    "vel_err": 1.4857870952387349,
    "attr_err": 0.645708739550925
  },
  "tp_scores": {
    "trans_err": 0.29396022027303415,
    "scale_err": 0.7385785980048742,
    "orient_err": 0.41294954309839227,
    "vel_err": 0.0,
    "attr_err": 0.354291260449075
  },
  "nd_score": 0.3326534794282542,
  "eval_time": 312.9561765193939,
  "cfg": {
    "class_range": {
      "car": 50,
      "truck": 50,
      "bus": 50,
      "trailer": 50,
      "construction_vehicle": 50,
      "pedestrian": 40,
      "motorcycle": 40,
      "bicycle": 40,
      "traffic_cone": 30,
      "barrier": 30
    },
    "dist_fcn": "center_distance",
    "dist_ths": [
      0.5,
      1.0,
      2.0,
      4.0
    ],
    "dist_th_tp": 2.0,
    "min_recall": 0.1,
    "min_precision": 0.1,
    "max_boxes_per_sample": 500,
    "mean_ap_weight": 5
  },
  "meta": {
    "use_camera": true,
    "use_lidar": false,
    "use_radar": false,
    "use_map": false,
    "use_external": false
  }
}