{
  "label_aps": {
    "car": {
      "0.5": 0.17416780815794558,
      "1.0": 0.42423049998829016,
      "2.0": 0.655221165561233,
      "4.0": 0.7488058456672313
    },
    "truck": {
      "0.5": 0.024572664209556967,
      "1.0": 0.17948545105763533,
      "2.0": 0.3822881387181337,
      "4.0": 0.5133751065719392
    },
    "bus": {
      "0.5": 0.04556060762706936,
      "1.0": 0.25218808126168085,
      "2.0": 0.5343957954188137,
      "4.0": 0.6903849627968283
    },
    "trailer": {
      "0.5": 0.0054854566057779075,
      "1.0": 0.08210840933876334,
      "2.0": 0.2712951999400602,
      "4.0": 0.4067038724105946
    },
    "construction_vehicle": {
      "0.5": 0.0,
      "1.0": 0.014999785020987115,
      "2.0": 0.14551022407079445,
      "4.0": 0.20286934446743302
    },
    "pedestrian": {
      "0.5": 0.10335432721222641,
      "1.0": 0.30729769549553226,
      "2.0": 0.4614901623186231,
      "4.0": 0.5529052259273831
    },
    "motorcycle": {
      "0.5": 0.10797476166448886,
      "1.0": 0.37263478502936326,
      "2.0": 0.5293595135584453,
      "4.0": 0.6115495321964296
    },
    "bicycle": {
      "0.5": 0.12843451500153572,
      "1.0": 0.3292170511254647,
      "2.0": 0.4299529003629261,
      "4.0": 0.4711957585001508
    },
    "traffic_cone": {
      "0.5": 0.3094021026900018,
      "1.0": 0.4877824473420218,
      "2.0": 0.5782467764207228,
      "4.0": 0.633717085308514
    },
    "barrier": {
      "0.5": 0.20526334809889665,
      "1.0": 0.47947099946181304,
      "2.0": 0.5842434980650617,
      "4.0": 0.6386564891696341
    }
  },
  "mean_dist_aps": {
    "car": 0.500606329843675,
    "truck": 0.2749303401393163,
    "bus": 0.38063236177609805,
    "trailer": 0.191398234573799,
    "construction_vehicle": 0.09084483838980364,
    "pedestrian": 0.35626185273844124,
    "motorcycle": 0.40537964811218175,
    "bicycle": 0.3397000562475193,
    "traffic_cone": 0.5022871029403151,
    "barrier": 0.47690858369885136
  },
  "mean_ap": 0.3518949348460001,
  "label_tp_errors": {
    "car": {
      "trans_err": 0.5208330527484739,
      "scale_err": 0.16372227724040841,
      "orient_err": 0.1887713279615035,
      "vel_err": 0.5132735805178066,
      "attr_err": 0.22940213424132566
    },
    "truck": {
      "trans_err": 0.6995342523640026,
      "scale_err": 0.21646573566090724,
      "orient_err": 0.18917766502526123,
      "vel_err": 0.4999481078847828,
      "attr_err": 0.2625571937687293
    },
    "bus": {
      "trans_err": 0.6799311715420996,
      "scale_err": 0.20876562498958123,
      "orient_err": 0.15277429910090562,
      "vel_err": 0.9332013464245891,
      "attr_err": 0.25675603017668275
    },
    "trailer": {
      "trans_err": 0.8180580349072112,
      "scale_err": 0.21227589845785086,
      "orient_err": 0.38771169935219574,
      "vel_err": 0.34930191903706853,
      "attr_err": 0.29784597704107646
    },
    "construction_vehicle": {
      "trans_err": 1.0869925094668882,
      "scale_err": 0.5303706649558515,
      "orient_err": 1.1377491971766522,
      "vel_err": 0.11183126040439106,
      "attr_err": 0.4355163720967027
    },
    "pedestrian": {
      "trans_err": 0.7296367871371184,
      "scale_err": 0.2966413875902652,
      "orient_err": 0.991496742822306,
      "vel_err": 0.5695293059141096,
      "attr_err": 0.3203641624551079
    },
    "motorcycle": {
      "trans_err": 0.5566572490520112,
      "scale_err": 0.25827858032677153,
      "orient_err": 0.7409855980577037,
      "vel_err": 0.6254099950564906,
      "attr_err": 0.21484411969933334
    },
    "bicycle": {
      "trans_err": 0.48787620509574453,
      "scale_err": 0.2542681230656901,
      "orient_err": 0.9218922314089679,
      "vel_err": 0.21874995902593286,
      "attr_err": 0.00761193482875416
    },
    "traffic_cone": {
      "trans_err": 0.4956625671441902,
      "scale_err": 0.3388072179701516,
      "orient_err": NaN,
      "vel_err": NaN,
      "attr_err": NaN
    },
    "barrier": {
      "trans_err": 0.46741749749988853,
      "scale_err": 0.2699323440293371,
      "orient_err": 0.1938398807759052,
      "vel_err": NaN,
      "attr_err": NaN
    }
  },
  "tp_errors": {
    "trans_err": 0.6542599326957629,
    "scale_err": 0.2749527854286815,
    "orient_err": 0.5449331824090445,
    "vel_err": 0.4776556842831464,
    "attr_err": 0.25311224053846404
  },
  "tp_scores": {
    "trans_err": 0.3457400673042371,
    "scale_err": 0.7250472145713185,
    "orient_err": 0.45506681759095546,
    "vel_err": 0.5223443157168536,
    "attr_err": 0.746887759461536
  },
  "nd_score": 0.45545608488749006,
  "eval_time": 113.39687633514404,
  "cfg": {
    "class_range": {
      "car": 50,
      "truck": 50,
      "bus": 50,
      "trailer": 50,
      "construction_vehicle": 50,
      "pedestrian": 40,
      "motorcycle": 40,
      "bicycle": 40,
      "traffic_cone": 30,
      "barrier": 30
    },
    "dist_fcn": "center_distance",
    "dist_ths": [
      0.5,
      1.0,
      2.0,
      4.0
    ],
    "dist_th_tp": 2.0,
    "min_recall": 0.1,
    "min_precision": 0.1,
    "max_boxes_per_sample": 500,
    "mean_ap_weight": 5
  },
  "meta": {
    "use_lidar": false,
    "use_camera": true,
    "use_radar": false,
    "use_map": false,
    "use_external": false
  }
}