{
  "label_aps": {
    "car": {
      "0.5": 0.1452877079205976,
      "1.0": 0.3830764918010314,
      "2.0": 0.6230627687510042,
      "4.0": 0.7614479967359902
    },
    "truck": {
      "0.5": 0.009505621860237427,
      "1.0": 0.11874427035328171,
      "2.0": 0.3455257956627222,
      "4.0": 0.5554485252259471
    },
    "bus": {
      "0.5": 0.015082839905690251,
      "1.0": 0.16864162851222786,
      "2.0": 0.45526097854178826,
      "4.0": 0.6473892626459319
    },
    "trailer": {
      "0.5": 0.0,
      "1.0": 0.0030262551752831247,
      "2.0": 0.10966514646962426,
      "4.0": 0.41436515809595814
    },
    "construction_vehicle": {
      "0.5": 0.0,
      "1.0": 0.00036891321972961174,
      "2.0": 0.020765997352617534,
      "4.0": 0.06430789740092774
    },
    "pedestrian": {
      "0.5": 0.04417507953182987,
      "1.0": 0.16991972869065197,
      "2.0": 0.35643509110074206,
      "4.0": 0.5144467760178293
    },
    "motorcycle": {
      "0.5": 0.0197911033776098,
      "1.0": 0.07204969242415678,
      "2.0": 0.24033896757830117,
      "4.0": 0.4086083380054262
    },
    "bicycle": {
      "0.5": 0.07925397203463595,
      "1.0": 0.2944166939984134,
      "2.0": 0.44223719561750746,
      "4.0": 0.53022570682198
    },
    "traffic_cone": {
      "0.5": 0.1898091391419191,
      "1.0": 0.41574875746188433,
      "2.0": 0.611703122459639,
      "4.0": 0.7166322478315972
    },
    "barrier": {
      "0.5": 0.2001709898680373,
      "1.0": 0.46780390784622,
      "2.0": 0.669635084189101,
      "4.0": 0.757349854641316
    }
  },
  "mean_dist_aps": {
    "car": 0.47821874130215586,
    "truck": 0.2573060532755471,
    "bus": 0.32159367740140954,
    "trailer": 0.13176413993521638,
    "construction_vehicle": 0.02136070199331872,
    "pedestrian": 0.2712441688352633,
    "motorcycle": 0.18519702534637347,
    "bicycle": 0.3365333921181342,
    "traffic_cone": 0.4834733167237599,
    "barrier": 0.5237399591361686
  },
  "mean_ap": 0.3010431176067347,
  "label_tp_errors": {
    "car": {
      "trans_err": 0.5514506056271665,
      "scale_err": 0.14879803491129923,
      "orient_err": 0.08835813367014676,
      "vel_err": 1.3500050441264522,
      "attr_err": 0.7875680054481974
    },
    "truck": {
      "trans_err": 0.8606734187668851,
      "scale_err": 0.20405615122301518,
      "orient_err": 0.14440412501625072,
      "vel_err": 0.7836162913860284,
      "attr_err": 0.8696785025719574
    },
    "bus": {
      "trans_err": 0.8161784636854224,
      "scale_err": 0.21198770705365522,
      "orient_err": 0.2871287086495592,
      "vel_err": 2.277219043833979,
      "attr_err": 0.6724744648360108
    },
    "trailer": {
      "trans_err": 1.1368703200331658,
      "scale_err": 0.23338773746352573,
      "orient_err": 1.0391408425171829,
      "vel_err": 0.7743911508756166,
      "attr_err": 0.8333864756618293
    },
    "construction_vehicle": {
      "trans_err": 0.9915480459521289,
      "scale_err": 0.43851266677998557,
      "orient_err": 1.476427397081211,
      "vel_err": 0.07813825890611517,
      "attr_err": 1.0
    },
    "pedestrian": {
      "trans_err": 0.6889666480882127,
      "scale_err": 0.3547573522653201,
      "orient_err": 0.9368375451663519,
      "vel_err": 1.1062428070467258,
      "attr_err": 0.2176312767398294
    },
    "motorcycle": {
      "trans_err": 0.7528452776896675,
      "scale_err": 0.29552327095104275,
      "orient_err": 1.2461117692976689,
      "vel_err": 1.8652342823387975,
      "attr_err": 0.6903113808088728
    },
    "bicycle": {
      "trans_err": 0.6032141106648953,
      "scale_err": 0.3205608640040607,
      "orient_err": 0.9930411422948767,
      "vel_err": 0.421875229657938,
      "attr_err": 0.9157310720219591
    },
    "traffic_cone": {
      "trans_err": 0.5116334556049164,
      "scale_err": 0.32067594866905597,
      "orient_err": NaN,
      "vel_err": NaN,
      "attr_err": NaN
    },
    "barrier": {
      "trans_err": 0.5092802408690209,
      "scale_err": 0.297265272252624,
      "orient_err": 0.1456619771723537,
      "vel_err": NaN,
      "attr_err": NaN
    }
  },
  "tp_errors": {
    "trans_err": 0.7422660586981482,
    "scale_err": 0.2825525005573584,
    "orient_err": 0.7063457378739557,
    "vel_err": 1.0820902635214567,
    "attr_err": 0.748347647261082
  },
  "tp_scores": {
    "trans_err": 0.2577339413018518,
    "scale_err": 0.7174474994426416,
    "orient_err": 0.2936542621260443,
    "vel_err": 0.0,
    "attr_err": 0.25165235273891795
  },
  "nd_score": 0.3025703643643129,
  "eval_time": 53.51889109611511,
  "cfg": {
    "class_range": {
      "car": 50,
      "truck": 50,
      "bus": 50,
      "trailer": 50,
      "construction_vehicle": 50,
      "pedestrian": 40,
      "motorcycle": 40,
      "bicycle": 40,
      "traffic_cone": 30,
      "barrier": 30
    },
    "dist_fcn": "center_distance",
    "dist_ths": [
      0.5,
      1.0,
      2.0,
      4.0
    ],
    "dist_th_tp": 2.0,
    "min_recall": 0.1,
    "min_precision": 0.1,
    "max_boxes_per_sample": 500,
    "mean_ap_weight": 5
  },
  "meta": {
    "use_camera": true,
    "use_lidar": false,
    "use_radar": false,
    "use_map": false,
    "use_external": false
  }
}