{
  "label_aps": {
    "car": {
      "0.5": 0.20439629882520455,
      "1.0": 0.46279926891827533,
      "2.0": 0.6659005964463405,
      "4.0": 0.7708784915544711
    },
    "truck": {
      "0.5": 0.037490062788266075,
      "1.0": 0.17817385784936646,
      "2.0": 0.386036941177915,
      "4.0": 0.5953099521011104
    },
    "bus": {
      "0.5": 0.03190611352371437,
      "1.0": 0.18099003280364098,
      "2.0": 0.4952002108720076,
      "4.0": 0.6629396368490533
    },
    "trailer": {
      "0.5": 0.0,
      "1.0": 0.01325052930386178,
      "2.0": 0.15265836281440903,
      "4.0": 0.4544976992789612
    },
    "construction_vehicle": {
      "0.5": 0.0,
      "1.0": 0.006385876262279199,
      "2.0": 0.05057755768195025,
      "4.0": 0.10785368298518329
    },
    "pedestrian": {
      "0.5": 0.062352913414356885,
      "1.0": 0.16987622063620214,
      "2.0": 0.3659537147751468,
      "4.0": 0.5209086101029767
    },
    "motorcycle": {
      "0.5": 0.03032585093496632,
      "1.0": 0.1648914904509198,
      "2.0": 0.2935503322009187,
      "4.0": 0.4299118797429451
    },
    "bicycle": {
      "0.5": 0.10480660357791842,
      "1.0": 0.3257930039258968,
      "2.0": 0.42521451716496417,
      "4.0": 0.4780820222325349
    },
    "traffic_cone": {
      "0.5": 0.19653842745160188,
      "1.0": 0.43391043334816704,
      "2.0": 0.6311560582024194,
      "4.0": 0.7301596983577041
    },
    "barrier": {
      "0.5": 0.24274788065501818,
      "1.0": 0.5102346943818926,
      "2.0": 0.6886933191063415,
      "4.0": 0.7653711497149597
    }
  },
  "mean_dist_aps": {
    "car": 0.5259936639360728,
    "truck": 0.29925270347916444,
    "bus": 0.34275899851210406,
    "trailer": 0.15510164784930802,
    "construction_vehicle": 0.04120427923235318,
    "pedestrian": 0.27977286473217067,
    "motorcycle": 0.22966988833243748,
    "bicycle": 0.33347403672532855,
    "traffic_cone": 0.4979411543399731,
    "barrier": 0.551761760964553
  },
  "mean_ap": 0.32569309981034655,
  "label_tp_errors": {
    "car": {
      "trans_err": 0.4814088044604826,
      "scale_err": 0.1490198480621512,
      "orient_err": 0.07183946921721711,
      "vel_err": 0.3439735041620364,
      "attr_err": 0.10755072930896513
    },
    "truck": {
      "trans_err": 0.7224576090627749,
      "scale_err": 0.20327657706609542,
      "orient_err": 0.14567259027699891,
      "vel_err": 0.41870362456728727,
      "attr_err": 0.13489612780091093
    },
    "bus": {
      "trans_err": 0.7930946295559541,
      "scale_err": 0.22416614071142305,
      "orient_err": 0.2101904492032928,
      "vel_err": 0.7899718800956743,
      "attr_err": 0.1827177712251311
    },
    "trailer": {
      "trans_err": 1.072393947801006,
      "scale_err": 0.24228874309896908,
      "orient_err": 0.9945135198174784,
      "vel_err": 0.4679897665148875,
      "attr_err": 0.06984746594149918
    },
    "construction_vehicle": {
      "trans_err": 0.9900888668788089,
      "scale_err": 0.454240439477659,
      "orient_err": 1.4593749995942698,
      "vel_err": 0.10010952522759443,
      "attr_err": 0.16485576880682756
    },
    "pedestrian": {
      "trans_err": 0.664505747128223,
      "scale_err": 0.34182087591141613,
      "orient_err": 0.7361628115909551,
      "vel_err": 0.8023539281999236,
      "attr_err": 0.14954492077601017
    },
    "motorcycle": {
      "trans_err": 0.6137096298579799,
      "scale_err": 0.2852963763325835,
      "orient_err": 0.8453195795644085,
      "vel_err": 1.0400778002578743,
      "attr_err": 0.03752884923574742
    },
    "bicycle": {
      "trans_err": 0.5734840779099012,
      "scale_err": 0.3190575834185121,
      "orient_err": 0.7748610536632395,
      "vel_err": 0.2794373699434122,
      "attr_err": 0.0248734210505903
    },
    "traffic_cone": {
      "trans_err": 0.5040283693753246,
      "scale_err": 0.31902334990375497,
      "orient_err": NaN,
      "vel_err": NaN,
      "attr_err": NaN
    },
    "barrier": {
      "trans_err": 0.45633255650700816,
      "scale_err": 0.2935281564106702,
      "orient_err": 0.1012762937182452,
      "vel_err": NaN,
      "attr_err": NaN
    }
  },
  "tp_errors": {
    "trans_err": 0.6871504238537464,
    "scale_err": 0.2831718090393235,
    "orient_err": 0.5932456407384561,
    "vel_err": 0.5303271748710863,
    "attr_err": 0.10897688176821022
  },
  "tp_scores": {
    "trans_err": 0.31284957614625364,
    "scale_err": 0.7168281909606765,
    "orient_err": 0.4067543592615439,
    "vel_err": 0.46967282512891373,
    "attr_err": 0.8910231182317898
  },
  "nd_score": 0.44255935687809106,
  "eval_time": 38.46693682670593,
  "cfg": {
    "class_range": {
      "car": 50,
      "truck": 50,
      "bus": 50,
      "trailer": 50,
      "construction_vehicle": 50,
      "pedestrian": 40,
      "motorcycle": 40,
      "bicycle": 40,
      "traffic_cone": 30,
      "barrier": 30
    },
    "dist_fcn": "center_distance",
    "dist_ths": [
      0.5,
      1.0,
      2.0,
      4.0
    ],
    "dist_th_tp": 2.0,
    "min_recall": 0.1,
    "min_precision": 0.1,
    "max_boxes_per_sample": 500,
    "mean_ap_weight": 5
  },
  "meta": {
    "use_camera": true,
    "use_lidar": false,
    "use_radar": true,
    "use_map": false,
    "use_external": false
  }
}