{
  "label_aps": {
    "car": {
      "0.5": 0.24705722407916042,
      "1.0": 0.47549600833571604,
      "2.0": 0.6418003340109782,
      "4.0": 0.738264272082739
    },
    "truck": {
      "0.5": 0.024132369382842588,
      "1.0": 0.14937153082420376,
      "2.0": 0.3539741809587595,
      "4.0": 0.48933110126612867
    },
    "bus": {
      "0.5": 0.0721148419047359,
      "1.0": 0.26797501995585327,
      "2.0": 0.49650561153048745,
      "4.0": 0.6529996076379867
    },
    "trailer": {
      "0.5": 0.0,
      "1.0": 0.0329187060312411,
      "2.0": 0.18954063456829748,
      "4.0": 0.3702406819359219
    },
    "construction_vehicle": {
      "0.5": 0.0,
      "1.0": 0.01581888781253127,
      "2.0": 0.08289872157515243,
      "4.0": 0.15268032365674122
    },
    "pedestrian": {
      "0.5": 0.10846518858566358,
      "1.0": 0.29526367375771473,
      "2.0": 0.5062795772748506,
      "4.0": 0.6671849832688893
    },
    "motorcycle": {
      "0.5": 0.08774459969981928,
      "1.0": 0.26603511240807964,
      "2.0": 0.4348200377505262,
      "4.0": 0.5466554810474448
    },
    "bicycle": {
      "0.5": 0.06518388753877367,
      "1.0": 0.1665337860993934,
      "2.0": 0.28567477267828306,
      "4.0": 0.3892213023283716
    },
    "traffic_cone": {
      "0.5": 0.31620752632231364,
      "1.0": 0.531256597496009,
      "2.0": 0.695864777980654,
      "4.0": 0.763509953485635
    },
    "barrier": {
      "0.5": 0.22334175971019707,
      "1.0": 0.4187614762028586,
      "2.0": 0.5377891871653048,
      "4.0": 0.6214973014034513
    }
  },
  "mean_dist_aps": {
    "car": 0.5256544596271484,
    "truck": 0.25420229560798363,
    "bus": 0.3723987702572658,
    "trailer": 0.14817500563386513,
    "construction_vehicle": 0.06284948326110623,
    "pedestrian": 0.3942983557217795,
    "motorcycle": 0.3338138077264675,
    "bicycle": 0.22665343716120542,
    "traffic_cone": 0.5767097138211529,
    "barrier": 0.45034743112045295
  },
  "mean_ap": 0.33451027599384275,
  "label_tp_errors": {
    "car": {
      "trans_err": 0.43341786259277,
      "scale_err": 0.14751382187527562,
      "orient_err": 0.07664745789663376,
      "vel_err": 0.546166631072512,
      "attr_err": 0.1171066135826438
    },
    "truck": {
      "trans_err": 0.745526624146675,
      "scale_err": 0.20136123626311292,
      "orient_err": 0.1761208010689003,
      "vel_err": 0.5925210209881743,
      "attr_err": 0.18701410680029434
    },
    "bus": {
      "trans_err": 0.626310171590153,
      "scale_err": 0.18099185034487936,
      "orient_err": 0.279639956697925,
      "vel_err": 0.6317347613116027,
      "attr_err": 0.20173405088286459
    },
    "trailer": {
      "trans_err": 1.0057826700825405,
      "scale_err": 0.19602319878633778,
      "orient_err": 0.6952309586136127,
      "vel_err": 0.38048389821788675,
      "attr_err": 0.12401900484769174
    },
    "construction_vehicle": {
      "trans_err": 0.9569232600850756,
      "scale_err": 0.4865675392076254,
      "orient_err": 1.1581391440445792,
      "vel_err": 0.1679395001072805,
      "attr_err": 0.3286539170973709
    },
    "pedestrian": {
      "trans_err": 0.5887663868398993,
      "scale_err": 0.2783809316975922,
      "orient_err": 0.6606489530021505,
      "vel_err": 0.6113810425036817,
      "attr_err": 0.15121054403510817
    },
    "motorcycle": {
      "trans_err": 0.5871050428424354,
      "scale_err": 0.2641683110459035,
      "orient_err": 0.6706221042026859,
      "vel_err": 0.8462156371009201,
      "attr_err": 0.09778172452190138
    },
    "bicycle": {
      "trans_err": 0.5902733411896389,
      "scale_err": 0.2711100004953761,
      "orient_err": 0.828618020026534,
      "vel_err": 0.5299423390189221,
      "attr_err": 0.00790575222515257
    },
    "traffic_cone": {
      "trans_err": 0.4096753975713348,
      "scale_err": 0.3022797414212799,
      "orient_err": NaN,
      "vel_err": NaN,
      "attr_err": NaN
    },
    "barrier": {
      "trans_err": 0.44027427853298273,
      "scale_err": 0.2614006257142558,
      "orient_err": 0.13324509079041955,
      "vel_err": NaN,
      "attr_err": NaN
    }
  },
  "tp_errors": {
    "trans_err": 0.6384055035473505,
    "scale_err": 0.25897972568516386,
    "orient_err": 0.5198791651492711,
    "vel_err": 0.5382981037901226,
    "attr_err": 0.15192821424912845
  },
  "tp_scores": {
    "trans_err": 0.3615944964526495,
    "scale_err": 0.7410202743148362,
    "orient_err": 0.4801208348507289,
    "vel_err": 0.46170189620987745,
    "attr_err": 0.8480717857508715
  },
  "nd_score": 0.45650606675481775,
  "eval_time": 225.87358164787292,
  "cfg": {
    "class_range": {
      "car": 50,
      "truck": 50,
      "bus": 50,
      "trailer": 50,
      "construction_vehicle": 50,
      "pedestrian": 40,
      "motorcycle": 40,
      "bicycle": 40,
      "traffic_cone": 30,
      "barrier": 30
    },
    "dist_fcn": "center_distance",
    "dist_ths": [
      0.5,
      1.0,
      2.0,
      4.0
    ],
    "dist_th_tp": 2.0,
    "min_recall": 0.1,
    "min_precision": 0.1,
    "max_boxes_per_sample": 500,
    "mean_ap_weight": 5
  },
  "meta": {
    "use_camera": true,
    "use_lidar": false,
    "use_radar": true,
    "use_map": false,
    "use_external": false
  }
}