{
  "label_aps": {
    "car": {
      "0.5": 0.1470234711982816,
      "1.0": 0.38903503492526414,
      "2.0": 0.6313604610680866,
      "4.0": 0.7685583130792863
    },
    "truck": {
      "0.5": 0.009543304175226967,
      "1.0": 0.11896281129289353,
      "2.0": 0.34612201055476427,
      "4.0": 0.5560973520164586
    },
    "bus": {
      "0.5": 0.015082839905690251,
      "1.0": 0.16864352333513877,
      "2.0": 0.45527600971394594,
      "4.0": 0.6474120156867252
    },
    "trailer": {
      "0.5": 0.0,
      "1.0": 0.0030262551752831247,
      "2.0": 0.10966514646962426,
      "4.0": 0.41436515809595814
    },
    "construction_vehicle": {
      "0.5": 0.0,
      "1.0": 0.00036891321972961174,
      "2.0": 0.020765997352617534,
      "4.0": 0.06431077514605074
    },
    "pedestrian": {
      "0.5": 0.046548456738856415,
      "1.0": 0.17325896315597564,
      "2.0": 0.3638238125191627,
      "4.0": 0.5249434184328214
    },
    "motorcycle": {
      "0.5": 0.02848579987548165,
      "1.0": 0.09764067475014825,
      "2.0": 0.2760201838458261,
      "4.0": 0.4233601277896553
    },
    "bicycle": {
      "0.5": 0.07931160323095975,
      "1.0": 0.2946329450337897,
      "2.0": 0.44261934447063284,
      "4.0": 0.5308620664395728
    },
    "traffic_cone": {
      "0.5": 0.18990246803177957,
      "1.0": 0.41604611083760396,
      "2.0": 0.6122162394553946,
      "4.0": 0.7172707417609867
    },
    "barrier": {
      "0.5": 0.20020790401113484,
      "1.0": 0.4678880008781195,
      "2.0": 0.6697960591014243,
      "4.0": 0.7575291884278966
    }
  },
  "mean_dist_aps": {
    "car": 0.4839943200677297,
    "truck": 0.25768136950983583,
    "bus": 0.321603597160375,
    "trailer": 0.13176413993521638,
    "construction_vehicle": 0.021361421429599473,
    "pedestrian": 0.27714366271170404,
    "motorcycle": 0.20637669656527785,
    "bicycle": 0.3368564897937387,
    "traffic_cone": 0.48385889002144117,
    "barrier": 0.5238552881046438
  },
  "mean_ap": 0.30444958752995616,
  "label_tp_errors": {
    "car": {
      "trans_err": 0.5516044681387811,
      "scale_err": 0.14910976333066492,
      "orient_err": 0.08762450726179002,
      "vel_err": 1.297360574365309,
      "attr_err": 0.7983085377521972
    },
    "truck": {
      "trans_err": 0.8605330595443417,
      "scale_err": 0.20402679620071298,
      "orient_err": 0.14426118735361795,
      "vel_err": 0.7833834216953803,
      "attr_err": 0.8697152193451555
    },
    "bus": {
      "trans_err": 0.8161784636854224,
      "scale_err": 0.21198770705365522,
      "orient_err": 0.2871287086495592,
      "vel_err": 2.277219043833979,
      "attr_err": 0.6724744648360108
    },
    "trailer": {
      "trans_err": 1.1368703200331658,
      "scale_err": 0.23338773746352573,
      "orient_err": 1.0391408425171829,
      "vel_err": 0.7743911508756166,
      "attr_err": 0.8333864756618293
    },
    "construction_vehicle": {
      "trans_err": 0.991548145806638,
      "scale_err": 0.4385123827675428,
      "orient_err": 1.4764272744358238,
      "vel_err": 0.07813830066157595,
      "attr_err": 1.0
    },
    "pedestrian": {
      "trans_err": 0.6875180547875452,
      "scale_err": 0.35498596481538647,
      "orient_err": 0.9361054912342279,
      "vel_err": 1.1130186467095045,
      "attr_err": 0.2118525722705986
    },
    "motorcycle": {
      "trans_err": 0.7138869949945016,
      "scale_err": 0.2784415029220237,
      "orient_err": 1.072352600148293,
      "vel_err": 1.0563640316517309,
      "attr_err": 0.7309075943614887
    },
    "bicycle": {
      "trans_err": 0.6032141102031117,
      "scale_err": 0.3205608637945042,
      "orient_err": 0.9930411416690327,
      "vel_err": 0.4218752299208569,
      "attr_err": 0.9157310719711486
    },
    "traffic_cone": {
      "trans_err": 0.5116334556049164,
      "scale_err": 0.32067594866905597,
      "orient_err": NaN,
      "vel_err": NaN,
      "attr_err": NaN
    },
    "barrier": {
      "trans_err": 0.5092802408690209,
      "scale_err": 0.297265272252624,
      "orient_err": 0.1456619771723537,
      "vel_err": NaN,
      "attr_err": NaN
    }
  },
  "tp_errors": {
    "trans_err": 0.7382267313667445,
    "scale_err": 0.28089539392696955,
    "orient_err": 0.6868604144935422,
    "vel_err": 0.9752187999642441,
    "attr_err": 0.7540469920248036
  },
  "tp_scores": {
    "trans_err": 0.26177326863325545,
    "scale_err": 0.7191046060730304,
    "orient_err": 0.3131395855064578,
    "vel_err": 0.0247812000357559,
    "attr_err": 0.24595300797519637
  },
  "nd_score": 0.30869996058734767,
  "eval_time": 42.024216175079346,
  "cfg": {
    "class_range": {
      "car": 50,
      "truck": 50,
      "bus": 50,
      "trailer": 50,
      "construction_vehicle": 50,
      "pedestrian": 40,
      "motorcycle": 40,
      "bicycle": 40,
      "traffic_cone": 30,
      "barrier": 30
    },
    "dist_fcn": "center_distance",
    "dist_ths": [
      0.5,
      1.0,
      2.0,
      4.0
    ],
    "dist_th_tp": 2.0,
    "min_recall": 0.1,
    "min_precision": 0.1,
    "max_boxes_per_sample": 500,
    "mean_ap_weight": 5
  },
  "meta": {
    "use_camera": true,
    "use_lidar": false,
    "use_radar": false,
    "use_map": false,
    "use_external": false
  }
}