{
  "label_aps": {
    "car": {
      "0.5": 0.17943679200287718,
      "1.0": 0.4087640549562945,
      "2.0": 0.6074279435125164,
      "4.0": 0.7273435183965291
    },
    "truck": {
      "0.5": 0.012774312848584124,
      "1.0": 0.10218386619305864,
      "2.0": 0.30503272564198786,
      "4.0": 0.4683391678955998
    },
    "bus": {
      "0.5": 0.02240990079539794,
      "1.0": 0.175350978030255,
      "2.0": 0.4115168661575261,
      "4.0": 0.6234437486884811
    },
    "trailer": {
      "0.5": 0.0,
      "1.0": 0.04125905213472969,
      "2.0": 0.18126641981139302,
      "4.0": 0.3427666778362613
    },
    "construction_vehicle": {
      "0.5": 0.0,
      "1.0": 0.0013710746701873341,
      "2.0": 0.04390972076116053,
      "4.0": 0.11525307639254434
    },
    "pedestrian": {
      "0.5": 0.08687332771168031,
      "1.0": 0.2821642254454588,
      "2.0": 0.5018714136800367,
      "4.0": 0.6626091637345823
    },
    "motorcycle": {
      "0.5": 0.03425345773833969,
      "1.0": 0.16480917729101924,
      "2.0": 0.3632316666882556,
      "4.0": 0.5239029569823709
    },
    "bicycle": {
      "0.5": 0.02951551980843374,
      "1.0": 0.14302703307875164,
      "2.0": 0.291228981591794,
      "4.0": 0.39087414364422
    },
    "traffic_cone": {
      "0.5": 0.2777300833143827,
      "1.0": 0.5262838572104509,
      "2.0": 0.6908558688190117,
      "4.0": 0.7586535715755822
    },
    "barrier": {
      "0.5": 0.19631183604635777,
      "1.0": 0.4020171292054683,
      "2.0": 0.5342165744689473,
      "4.0": 0.632197747844328
    }
  },
  "mean_dist_aps": {
    "car": 0.4807430772170543,
    "truck": 0.22208251814480762,
    "bus": 0.30818037341791504,
    "trailer": 0.141323037445596,
    "construction_vehicle": 0.04013346795597305,
    "pedestrian": 0.38337953264293956,
    "motorcycle": 0.2715493146749963,
    "bicycle": 0.21366141953079987,
    "traffic_cone": 0.5633808452298569,
    "barrier": 0.4411858218912753
  },
  "mean_ap": 0.3065619408151214,
  "label_tp_errors": {
    "car": {
      "trans_err": 0.4917767759183749,
      "scale_err": 0.14679010110862775,
      "orient_err": 0.08927671042191224,
      "vel_err": 2.2546987912003544,
      "attr_err": 0.6180528792581703
    },
    "truck": {
      "trans_err": 0.810532108363868,
      "scale_err": 0.20268253142652426,
      "orient_err": 0.20544830178926246,
      "vel_err": 1.5588526879811797,
      "attr_err": 0.7328240645740799
    },
    "bus": {
      "trans_err": 0.7331785575187939,
      "scale_err": 0.17331865447843672,
      "orient_err": 0.308970770930907,
      "vel_err": 3.262729347474192,
      "attr_err": 0.374831989392779
    },
    "trailer": {
      "trans_err": 0.9523280072724336,
      "scale_err": 0.20772144227532946,
      "orient_err": 0.7414785468643312,
      "vel_err": 0.5618526745312517,
      "attr_err": 0.8907339782835824
    },
    "construction_vehicle": {
      "trans_err": 1.023984542909076,
      "scale_err": 0.47237695493314863,
      "orient_err": 1.1291557694324579,
      "vel_err": 0.11323091667257257,
      "attr_err": 0.9856580709065893
    },
    "pedestrian": {
      "trans_err": 0.6220528679062258,
      "scale_err": 0.2815705876562988,
      "orient_err": 0.8598171528319952,
      "vel_err": 0.9238087743592776,
      "attr_err": 0.24628495291239422
    },
    "motorcycle": {
      "trans_err": 0.7108149613492925,
      "scale_err": 0.27151115719290114,
      "orient_err": 0.8387732116047134,
      "vel_err": 2.0194067015565214,
      "attr_err": 0.5510476142395527
    },
    "bicycle": {
      "trans_err": 0.6800181773630458,
      "scale_err": 0.28081480594387126,
      "orient_err": 1.019856310390421,
      "vel_err": 0.8565032292962539,
      "attr_err": 0.7958327846554574
    },
    "traffic_cone": {
      "trans_err": 0.4293803810014047,
      "scale_err": 0.29874953755059086,
      "orient_err": NaN,
      "vel_err": NaN,
      "attr_err": NaN
    },
    "barrier": {
      "trans_err": 0.4948628555408424,
      "scale_err": 0.26592522531668333,
      "orient_err": 0.17371722057909741,
      "vel_err": NaN,
      "attr_err": NaN
    }
  },
  "tp_errors": {
    "trans_err": 0.6948929235143357,
    "scale_err": 0.2601460997882412,
    "orient_err": 0.5962771105383442,
    "vel_err": 1.4438853903839504,
    "attr_err": 0.6494082917778257
  },
  "tp_scores": {
    "trans_err": 0.30510707648566426,
    "scale_err": 0.7398539002117588,
    "orient_err": 0.4037228894616558,
    "vel_err": 0.0,
    "attr_err": 0.35059170822217434
  },
  "nd_score": 0.33320852784568605,
  "eval_time": 244.17634677886963,
  "cfg": {
    "class_range": {
      "car": 50,
      "truck": 50,
      "bus": 50,
      "trailer": 50,
      "construction_vehicle": 50,
      "pedestrian": 40,
      "motorcycle": 40,
      "bicycle": 40,
      "traffic_cone": 30,
      "barrier": 30
    },
    "dist_fcn": "center_distance",
    "dist_ths": [
      0.5,
      1.0,
      2.0,
      4.0
    ],
    "dist_th_tp": 2.0,
    "min_recall": 0.1,
    "min_precision": 0.1,
    "max_boxes_per_sample": 500,
    "mean_ap_weight": 5
  },
  "meta": {
    "use_camera": true,
    "use_lidar": false,
    "use_radar": false,
    "use_map": false,
    "use_external": false
  }
}