{
  "label_aps": {
    "car": {
      "0.5": 0.20903833485126963,
      "1.0": 0.47051573321433954,
      "2.0": 0.674681155667896,
      "4.0": 0.7776193706881345
    },
    "truck": {
      "0.5": 0.037614487650806466,
      "1.0": 0.17842684712632229,
      "2.0": 0.3864237628396948,
      "4.0": 0.5960356856839891
    },
    "bus": {
      "0.5": 0.03190611352371437,
      "1.0": 0.1809936588289452,
      "2.0": 0.4952132778238272,
      "4.0": 0.662959930148091
    },
    "trailer": {
      "0.5": 0.0,
      "1.0": 0.01325052930386178,
      "2.0": 0.15265836281440903,
      "4.0": 0.4544976992789612
    },
    "construction_vehicle": {
      "0.5": 0.0,
      "1.0": 0.006385876262279199,
      "2.0": 0.050584956173013715,
      "4.0": 0.1078706610059578
    },
    "pedestrian": {
      "0.5": 0.06328732330489707,
      "1.0": 0.17334230534448986,
      "2.0": 0.37255900823681326,
      "4.0": 0.529952664556064
    },
    "motorcycle": {
      "0.5": 0.029057946176729677,
      "1.0": 0.17742470490596096,
      "2.0": 0.34418797252746597,
      "4.0": 0.4435369562703063
    },
    "bicycle": {
      "0.5": 0.10511998171995188,
      "1.0": 0.3264097755516687,
      "2.0": 0.4261091160627601,
      "4.0": 0.4796367582903735
    },
    "traffic_cone": {
      "0.5": 0.1965909923409319,
      "1.0": 0.4341211962219258,
      "2.0": 0.6315510285812255,
      "4.0": 0.7307013061610715
    },
    "barrier": {
      "0.5": 0.24277270481035312,
      "1.0": 0.5102865889725086,
      "2.0": 0.6887871128761348,
      "4.0": 0.7655034920641001
    }
  },
  "mean_dist_aps": {
    "car": 0.5329636486054099,
    "truck": 0.2996251958252032,
    "bus": 0.34276824508114445,
    "trailer": 0.15510164784930802,
    "construction_vehicle": 0.04121037336031268,
    "pedestrian": 0.28478532536056606,
    "motorcycle": 0.24855189497011573,
    "bicycle": 0.33431890790618857,
    "traffic_cone": 0.4982411308262886,
    "barrier": 0.5518374746807742
  },
  "mean_ap": 0.3289403844465312,
  "label_tp_errors": {
    "car": {
      "trans_err": 0.4796002304724321,
      "scale_err": 0.14927157848889938,
      "orient_err": 0.07038805594848599,
      "vel_err": 0.3371352798499202,
      "attr_err": 0.10630853527132351
    },
    "truck": {
      "trans_err": 0.722380979295474,
      "scale_err": 0.2032569308076544,
      "orient_err": 0.14538759041720048,
      "vel_err": 0.41881785606194954,
      "attr_err": 0.13496124895486653
    },
    "bus": {
      "trans_err": 0.7930946295559541,
      "scale_err": 0.22416614071142305,
      "orient_err": 0.2101904492032928,
      "vel_err": 0.7899718800956743,
      "attr_err": 0.1827177712251311
    },
    "trailer": {
      "trans_err": 1.072393947801006,
      "scale_err": 0.24228874309896908,
      "orient_err": 0.9945135198174784,
      "vel_err": 0.4679897665148875,
      "attr_err": 0.06984746594149918
    },
    "construction_vehicle": {
      "trans_err": 0.9900888668788089,
      "scale_err": 0.454240439477659,
      "orient_err": 1.4593749995942698,
      "vel_err": 0.10010952522759443,
      "attr_err": 0.16485576880682756
    },
    "pedestrian": {
      "trans_err": 0.660648047632687,
      "scale_err": 0.34155916729057434,
      "orient_err": 0.7264236973982846,
      "vel_err": 0.8055079274023463,
      "attr_err": 0.14395587449296907
    },
    "motorcycle": {
      "trans_err": 0.6361505088943685,
      "scale_err": 0.2591618075885695,
      "orient_err": 0.6034624633621865,
      "vel_err": 0.9752544559675129,
      "attr_err": 0.04362445770471
    },
    "bicycle": {
      "trans_err": 0.5734840432903677,
      "scale_err": 0.3190575759175846,
      "orient_err": 0.7748610788320954,
      "vel_err": 0.27943737659966167,
      "attr_err": 0.024873422300840293
    },
    "traffic_cone": {
      "trans_err": 0.5040283693753246,
      "scale_err": 0.31902334990375497,
      "orient_err": NaN,
      "vel_err": NaN,
      "attr_err": NaN
    },
    "barrier": {
      "trans_err": 0.45633255650700816,
      "scale_err": 0.2935281564106702,
      "orient_err": 0.1012762937182452,
      "vel_err": NaN,
      "attr_err": NaN
    }
  },
  "tp_errors": {
    "trans_err": 0.6888202179703431,
    "scale_err": 0.2805553889695759,
    "orient_err": 0.5650975720323932,
    "vel_err": 0.5217780084649434,
    "attr_err": 0.1088930680872709
  },
  "tp_scores": {
    "trans_err": 0.3111797820296569,
    "scale_err": 0.7194446110304241,
    "orient_err": 0.4349024279676068,
    "vel_err": 0.4782219915350566,
    "attr_err": 0.8911069319127292
  },
  "nd_score": 0.44795576667081294,
  "eval_time": 42.944905281066895,
  "cfg": {
    "class_range": {
      "car": 50,
      "truck": 50,
      "bus": 50,
      "trailer": 50,
      "construction_vehicle": 50,
      "pedestrian": 40,
      "motorcycle": 40,
      "bicycle": 40,
      "traffic_cone": 30,
      "barrier": 30
    },
    "dist_fcn": "center_distance",
    "dist_ths": [
      0.5,
      1.0,
      2.0,
      4.0
    ],
    "dist_th_tp": 2.0,
    "min_recall": 0.1,
    "min_precision": 0.1,
    "max_boxes_per_sample": 500,
    "mean_ap_weight": 5
  },
  "meta": {
    "use_camera": true,
    "use_lidar": false,
    "use_radar": true,
    "use_map": false,
    "use_external": false
  }
}