{
  "label_aps": {
    "car": {
      "0.5": 0.14743840204212197,
      "1.0": 0.3908342241423136,
      "2.0": 0.6300631654418757,
      "4.0": 0.766585496011524
    },
    "truck": {
      "0.5": 0.005828095281832049,
      "1.0": 0.11439915561168379,
      "2.0": 0.3317437192040711,
      "4.0": 0.5709564785836233
    },
    "bus": {
      "0.5": 0.012780295907856691,
      "1.0": 0.14253272669494746,
      "2.0": 0.40841476363057017,
      "4.0": 0.6221360857378249
    },
    "trailer": {
      "0.5": 0.0,
      "1.0": 0.0005971767767983341,
      "2.0": 0.11743916658149195,
      "4.0": 0.4401057249043127
    },
    "construction_vehicle": {
      "0.5": 0.0,
      "1.0": 0.0,
      "2.0": 0.02892790973946715,
      "4.0": 0.07115506202833931
    },
    "pedestrian": {
      "0.5": 0.038498669927297856,
      "1.0": 0.16906294893757617,
      "2.0": 0.3770928336882573,
      "4.0": 0.5358021166938186
    },
    "motorcycle": {
      "0.5": 0.021498318860142734,
      "1.0": 0.06994999875852215,
      "2.0": 0.25916514352700204,
      "4.0": 0.43491924959198114
    },
    "bicycle": {
      "0.5": 0.03709190203858273,
      "1.0": 0.29044031491280997,
      "2.0": 0.40097189256643034,
      "4.0": 0.45475002049954144
    },
    "traffic_cone": {
      "0.5": 0.21467994398411078,
      "1.0": 0.4408496337677422,
      "2.0": 0.6327362522543023,
      "4.0": 0.7319590005837934
    },
    "barrier": {
      "0.5": 0.206872628557607,
      "1.0": 0.47420616702039525,
      "2.0": 0.6749920519285872,
      "4.0": 0.7556720923183033
    }
  },
  "mean_dist_aps": {
    "car": 0.48373032190945886,
    "truck": 0.2557318621703025,
    "bus": 0.2964659679927998,
    "trailer": 0.13953551706565076,
    "construction_vehicle": 0.025020742941951613,
    "pedestrian": 0.2801141423117375,
    "motorcycle": 0.19638317768441202,
    "bicycle": 0.2958135325043411,
    "traffic_cone": 0.5050562076474872,
    "barrier": 0.5279357349562233
  },
  "mean_ap": 0.30057872071843644,
  "label_tp_errors": {
    "car": {
      "trans_err": 0.5492929859763648,
      "scale_err": 0.1479960290387152,
      "orient_err": 0.09378164172071016,
      "vel_err": 1.2925147590760955,
      "attr_err": 0.7992530804159165
    },
    "truck": {
      "trans_err": 0.8574703775913087,
      "scale_err": 0.20445413330612588,
      "orient_err": 0.17991860068239648,
      "vel_err": 0.8177866398948638,
      "attr_err": 0.8638416598105143
    },
    "bus": {
      "trans_err": 0.8214389344847727,
      "scale_err": 0.2185870385630201,
      "orient_err": 0.3704471065173359,
      "vel_err": 2.2257540576343997,
      "attr_err": 0.6483155960515002
    },
    "trailer": {
      "trans_err": 1.2059863105509585,
      "scale_err": 0.23710391680663281,
      "orient_err": 0.9220299643999088,
      "vel_err": 0.9091557210471249,
      "attr_err": 0.8123698523502164
    },
    "construction_vehicle": {
      "trans_err": 1.109637304987407,
      "scale_err": 0.44600978461855934,
      "orient_err": 1.4557963917507548,
      "vel_err": 0.07833633434678668,
      "attr_err": 1.0
    },
    "pedestrian": {
      "trans_err": 0.7124858437205693,
      "scale_err": 0.35682891768524444,
      "orient_err": 0.9579348344700047,
      "vel_err": 1.1002291946260028,
      "attr_err": 0.23016682262370425
    },
    "motorcycle": {
      "trans_err": 0.8099549239216638,
      "scale_err": 0.287102823205249,
      "orient_err": 1.0021015026568956,
      "vel_err": 0.9165837601966119,
      "attr_err": 0.76677185028432
    },
    "bicycle": {
      "trans_err": 0.6770589998524823,
      "scale_err": 0.30853799055194103,
      "orient_err": 0.887001006188744,
      "vel_err": 0.4165410464939481,
      "attr_err": 0.915556177344119
    },
    "traffic_cone": {
      "trans_err": 0.4961114192404797,
      "scale_err": 0.31735781395579077,
      "orient_err": NaN,
      "vel_err": NaN,
      "attr_err": NaN
    },
    "barrier": {
      "trans_err": 0.5064158333042852,
      "scale_err": 0.2989006402216502,
      "orient_err": 0.1411603077299422,
      "vel_err": NaN,
      "attr_err": NaN
    }
  },
  "tp_errors": {
    "trans_err": 0.7745852933630293,
    "scale_err": 0.28228790879529286,
    "orient_err": 0.6677968173462993,
    "vel_err": 0.9696126891644792,
    "attr_err": 0.7545343798600364
  },
  "tp_scores": {
    "trans_err": 0.22541470663697072,
    "scale_err": 0.7177120912047071,
    "orient_err": 0.33220318265370075,
    "vel_err": 0.03038731083552082,
    "attr_err": 0.24546562013996365
  },
  "nd_score": 0.30540765150630456,
  "eval_time": 44.179579734802246,
  "cfg": {
    "class_range": {
      "car": 50,
      "truck": 50,
      "bus": 50,
      "trailer": 50,
      "construction_vehicle": 50,
      "pedestrian": 40,
      "motorcycle": 40,
      "bicycle": 40,
      "traffic_cone": 30,
      "barrier": 30
    },
    "dist_fcn": "center_distance",
    "dist_ths": [
      0.5,
      1.0,
      2.0,
      4.0
    ],
    "dist_th_tp": 2.0,
    "min_recall": 0.1,
    "min_precision": 0.1,
    "max_boxes_per_sample": 500,
    "mean_ap_weight": 5
  },
  "meta": {
    "use_camera": true,
    "use_lidar": false,
    "use_radar": false,
    "use_map": false,
    "use_external": false
  }
}